<?xml version="1.0" encoding="UTF-8"?>

<!DOCTYPE struts PUBLIC
        "-//Apache Software Foundation//DTD Struts Configuration 2.0//EN"
        "http://struts.apache.org/dtds/struts-2.0.dtd">

<struts>
    <package name="Action.User" extends="struts-default,json-default">
    <action name="loginMethod" class="Action.User.login" method="userloginAction" >
        <result type="json">
            <!-- 这里指定将被Struts2序列化的属性，该属性在action中必须有对应的getter方法 -->
            <param name="root">jsonData</param>
        </result>
    </action>
    </package>

    <constant name="struts.action.extension" value="" />
    <constant name="struts.ui.theme" value="simple" />
    <constant name="struts.i18n.encoding" value="utf-8" />
    <constant name="struts.multipart.maxSize" value="1073741824"/>
    <constant name="struts.devMode" value="false"/>

</struts>